misra_cpp_id,source_kind,source_category,misra_cpp_pdf_page,misrust_class,paper_relevant_set,score_disposition,score_rule_ids,assessment_note,review_status,artifact_row,artifact_commit,scrc_applicability,scrc_misra_c_ref,scrc_guideline,scrc_category
0.0.1,Rule,Required,234,C3,no,proposed_rust_obligation,SCR-RUST-002,"SCRC: applies. Reassess C3: unreachable_code is a partial diagnostic, not a general proof of unreachable-statement absence.",draft_requires_review,1,9aafed8ea5d222625d4be7982b4f9e8ca2e29bec,safe,Rule 2.1,,
0.0.2,Rule,Advisory,234,C6,yes,proposed_rust_obligation,SCR-RUST-003,,draft_requires_review,2,9aafed8ea5d222625d4be7982b4f9e8ca2e29bec,safe,Rule 2.1,,
0.1.1,Rule,Advisory,234,C6,yes,proposed_rust_obligation,SCR-RUST-003,,draft_requires_review,3,9aafed8ea5d222625d4be7982b4f9e8ca2e29bec,safe,"Rule 2.2, Rule 2.8",,
0.1.2,Rule,Required,234,C6,yes,proposed_rust_obligation,SCR-RUST-004,,draft_requires_review,4,9aafed8ea5d222625d4be7982b4f9e8ca2e29bec,safe,Rule 17.7,,
0.2.1,Rule,Advisory,234,C3,no,proposed_rust_obligation,SCR-RUST-002,SCRC: applies. Reassess C3: warning activation and suppressions matter; no unconditional hard-error guarantee.,draft_requires_review,5,9aafed8ea5d222625d4be7982b4f9e8ca2e29bec,safe,Rule 2.8,,
0.2.2,Rule,Required,234,C3,no,proposed_rust_obligation,SCR-RUST-002,SCRC: applies. Reassess C3: unused parameters can compile; underscore patterns and suppression need a policy.,draft_requires_review,6,9aafed8ea5d222625d4be7982b4f9e8ca2e29bec,safe,Rule 2.7,,
0.2.3,Rule,Advisory,234,C3,no,proposed_rust_obligation,SCR-RUST-002,SCRC: applies. Reassess C3: unused-type diagnostics depend on visibility and configuration.,draft_requires_review,7,9aafed8ea5d222625d4be7982b4f9e8ca2e29bec,safe,Rule 2.3,,
0.2.4,Rule,Advisory,234,C3,no,proposed_rust_obligation,SCR-RUST-002,SCRC: applies. Reassess C3: unused-function diagnostics depend on visibility and configuration.,draft_requires_review,8,9aafed8ea5d222625d4be7982b4f9e8ca2e29bec,safe,Rule 8.7 (tangential),,
0.3.1,Dir,Advisory,234,C6,yes,proposed_rust_obligation,SCR-RUST-005,,draft_requires_review,9,9aafed8ea5d222625d4be7982b4f9e8ca2e29bec,safe,,,
0.3.2,Dir,Required,234,C6,yes,proposed_rust_obligation,SCR-RUST-006,,draft_requires_review,10,9aafed8ea5d222625d4be7982b4f9e8ca2e29bec,safe,,,
4.1.1,Rule,Required,234,C5,yes,proposed_rust_obligation,SCR-RUST-001,,draft_requires_review,11,9aafed8ea5d222625d4be7982b4f9e8ca2e29bec,safe,,,
4.1.2,Rule,Advisory,234,C6,yes,proposed_rust_obligation,SCR-RUST-002,,draft_requires_review,12,9aafed8ea5d222625d4be7982b4f9e8ca2e29bec,safe,,,
4.1.3,Rule,Required,234,C4,yes,proposed_rust_obligation,SCR-RUST-007,,draft_requires_review,13,9aafed8ea5d222625d4be7982b4f9e8ca2e29bec,safe,Rule 1.3,,
4.6.1,Rule,Required,234,C4,yes,not_applicable,,SCRC: not applicable. Rust evaluation order is well defined. Mapping removed.,draft_requires_review,14,9aafed8ea5d222625d4be7982b4f9e8ca2e29bec,not_applicable,,,
5.0.1,Rule,Advisory,234,C2,no,not_applicable,,"SCRC: not applicable. Native Rust rationale only; reconsider foreign calls, generated code and semantic analogues before exclusion.",draft_requires_review,15,9aafed8ea5d222625d4be7982b4f9e8ca2e29bec,not_applicable,,,
5.7.1,Rule,Required,234,C3,no,proposed_rust_obligation,SCR-RUST-009,SCRC: applies to safe Rust; nested block comments make accidental commenting-out likely.,draft_requires_review,16,9aafed8ea5d222625d4be7982b4f9e8ca2e29bec,safe,Rule 3.1,,
5.7.2,Dir,Advisory,235,C6,yes,proposed_rust_obligation,SCR-RUST-009,,draft_requires_review,17,9aafed8ea5d222625d4be7982b4f9e8ca2e29bec,safe,Dir 4.4,,
5.7.3,Rule,Required,235,C3,no,not_applicable,,SCRC: not applicable. Verify the rationale against the pinned compiler/configuration before accepting coverage; no automatic waiver.,draft_requires_review,18,9aafed8ea5d222625d4be7982b4f9e8ca2e29bec,not_applicable,Rule 3.2,,
5.10.1,Rule,Required,235,C3,no,rule_assignment_pending,,SCRC: applies to safe Rust; follow Rust API Guidelines naming. No S-CORE rule yet (naming conventions).,draft_requires_review,19,9aafed8ea5d222625d4be7982b4f9e8ca2e29bec,safe,,,
5.13.1,Rule,Required,235,C3,no,not_applicable,,SCRC: not applicable. Verify the rationale against the pinned compiler/configuration before accepting coverage; no automatic waiver.,draft_requires_review,20,9aafed8ea5d222625d4be7982b4f9e8ca2e29bec,not_applicable,,,
5.13.2,Rule,Required,235,C3,no,not_applicable,,SCRC: not applicable. Verify the rationale against the pinned compiler/configuration before accepting coverage; no automatic waiver.,draft_requires_review,21,9aafed8ea5d222625d4be7982b4f9e8ca2e29bec,not_applicable,,,
5.13.3,Rule,Required,235,C3,no,not_applicable,,SCRC: not applicable. Verify the rationale against the pinned compiler/configuration before accepting coverage; no automatic waiver.,draft_requires_review,22,9aafed8ea5d222625d4be7982b4f9e8ca2e29bec,not_applicable,,,
5.13.4,Rule,Required,235,C3,no,rule_assignment_pending,,SCRC: applies to safe Rust; unsuffixed literals fall back to i32 through inference. No S-CORE rule yet.,draft_requires_review,23,9aafed8ea5d222625d4be7982b4f9e8ca2e29bec,safe,,,
5.13.5,Rule,Required,235,C3,no,not_applicable,,SCRC: not applicable. Verify the rationale against the pinned compiler/configuration before accepting coverage; no automatic waiver.,draft_requires_review,24,9aafed8ea5d222625d4be7982b4f9e8ca2e29bec,not_applicable,,,
5.13.6,Rule,Required,235,C3,no,not_applicable,,SCRC: not applicable. Verify the rationale against the pinned compiler/configuration before accepting coverage; no automatic waiver.,draft_requires_review,25,9aafed8ea5d222625d4be7982b4f9e8ca2e29bec,not_applicable,,,
5.13.7,Rule,Required,235,C3,no,not_applicable,,SCRC: not applicable. Verify the rationale against the pinned compiler/configuration before accepting coverage; no automatic waiver.,draft_requires_review,26,9aafed8ea5d222625d4be7982b4f9e8ca2e29bec,not_applicable,,,
6.0.1,Rule,Required,235,C3,no,not_applicable,,SCRC: not applicable. Verify the rationale against the pinned compiler/configuration before accepting coverage; no automatic waiver.,draft_requires_review,27,9aafed8ea5d222625d4be7982b4f9e8ca2e29bec,not_applicable,,,
6.0.2,Rule,Advisory,235,C6,yes,not_applicable,,SCRC: not applicable. Follows MISRA C mapping; arrays carry their extent. Mapping removed.,draft_requires_review,28,9aafed8ea5d222625d4be7982b4f9e8ca2e29bec,not_applicable,Rule 8.11,,
6.0.3,Rule,Advisory,235,C5,yes,proposed_rust_obligation,SCR-RUST-011,,draft_requires_review,29,9aafed8ea5d222625d4be7982b4f9e8ca2e29bec,unsafe,,,
6.0.4,Rule,Required,235,C6,yes,proposed_rust_obligation,SCR-RUST-012,,draft_requires_review,30,9aafed8ea5d222625d4be7982b4f9e8ca2e29bec,safe,,,
6.2.1,Rule,Required,235,C4,yes,proposed_rust_obligation,SCR-RUST-013,Check symbol attributes across editions; edition 2021 and 2024 differ in unsafe-attribute syntax.,draft_requires_review,31,9aafed8ea5d222625d4be7982b4f9e8ca2e29bec,unsafe,,,
6.2.2,Rule,Required,235,C3,no,proposed_rust_obligation,SCR-RUST-013,SCRC: applies to unsafe Rust; extern declarations shall be type-compatible with the C declaration.,draft_requires_review,32,9aafed8ea5d222625d4be7982b4f9e8ca2e29bec,unsafe,Rule 8.3 (closely related),,
6.2.3,Rule,Required,235,C3,no,not_applicable,,SCRC: not applicable. Verify the rationale against the pinned compiler/configuration before accepting coverage; no automatic waiver.,draft_requires_review,33,9aafed8ea5d222625d4be7982b4f9e8ca2e29bec,not_applicable,,,
6.2.4,Rule,Required,235,C4,yes,not_applicable,,SCRC: not applicable. No header/linkage mechanism; covered by 6.2.1. Mapping removed.,draft_requires_review,34,9aafed8ea5d222625d4be7982b4f9e8ca2e29bec,not_applicable,,,
6.4.1,Rule,Required,235,C6,yes,proposed_rust_obligation,SCR-RUST-014,Adaptation permits clear same-name transformations; this differs from a blanket shadowing prohibition.,draft_requires_review,35,9aafed8ea5d222625d4be7982b4f9e8ca2e29bec,safe,Rule 5.3,,
6.4.2,Rule,Required,236,C5,yes,retained_beyond_scrc,SCR-RUST-014,"SCRC: not currently applicable, applicable once specialization stabilizes. Retained as supporting source for shadowing review.",draft_requires_review,36,9aafed8ea5d222625d4be7982b4f9e8ca2e29bec,not_applicable,,,
6.4.3,Rule,Required,236,C3,no,not_applicable,,SCRC: not applicable. Verify the rationale against the pinned compiler/configuration before accepting coverage; no automatic waiver.,draft_requires_review,37,9aafed8ea5d222625d4be7982b4f9e8ca2e29bec,not_applicable,,,
6.5.1,Rule,Advisory,236,C5,yes,not_applicable,,SCRC: not applicable. No header files; module system defines the interface. Mapping removed.,draft_requires_review,38,9aafed8ea5d222625d4be7982b4f9e8ca2e29bec,not_applicable,,,
6.5.2,Rule,Advisory,236,C4,yes,not_applicable,,SCRC: not applicable. Symbol export requires explicit no_mangle/link_name/extern. Mapping removed.,draft_requires_review,39,9aafed8ea5d222625d4be7982b4f9e8ca2e29bec,not_applicable,,,
6.7.1,Rule,Required,236,C4,yes,proposed_rust_obligation,SCR-RUST-008,Broaden beyond unsafe: safe interior-mutability/global synchronization still needs design review.,draft_requires_review,40,9aafed8ea5d222625d4be7982b4f9e8ca2e29bec,safe,,,
6.7.2,Rule,Required,236,C4,yes,proposed_rust_obligation,SCR-RUST-008,Broaden beyond unsafe: Send is not a mutual-exclusion mechanism; globals can use safe interior mutability.,draft_requires_review,41,9aafed8ea5d222625d4be7982b4f9e8ca2e29bec,safe,,,
6.8.1,Rule,Required,236,C4,yes,proposed_rust_obligation,SCR-RUST-015,,draft_requires_review,42,9aafed8ea5d222625d4be7982b4f9e8ca2e29bec,unsafe,,,
6.8.2,Rule,Mandatory,236,C3,no,proposed_rust_obligation,SCR-RUST-015,SCRC: applies. Reassess C3: raw dangling pointers can escape compiler reference-lifetime checks.,draft_requires_review,43,9aafed8ea5d222625d4be7982b4f9e8ca2e29bec,unsafe,,,
6.8.3,Rule,Required,236,C3,no,proposed_rust_obligation,SCR-RUST-015,SCRC: applies. Compiler reference guarantees do not extend to every raw-pointer storage pattern.,draft_requires_review,44,9aafed8ea5d222625d4be7982b4f9e8ca2e29bec,unsafe,,,
6.8.4,Rule,Advisory,236,C4,yes,proposed_rust_obligation,SCR-RUST-015,,draft_requires_review,45,9aafed8ea5d222625d4be7982b4f9e8ca2e29bec,unsafe,,,
6.9.1,Rule,Required,236,C3,no,not_applicable,,SCRC: not applicable. Verify the rationale against the pinned compiler/configuration before accepting coverage; no automatic waiver.,draft_requires_review,46,9aafed8ea5d222625d4be7982b4f9e8ca2e29bec,not_applicable,,,
6.9.2,Rule,Advisory,236,C3,no,not_applicable,,SCRC: not applicable. Verify the rationale against the pinned compiler/configuration before accepting coverage; no automatic waiver.,draft_requires_review,47,9aafed8ea5d222625d4be7982b4f9e8ca2e29bec,not_applicable,,,
7.0.1,Rule,Required,236,C6,yes,proposed_rust_obligation,SCR-RUST-016,,draft_requires_review,48,9aafed8ea5d222625d4be7982b4f9e8ca2e29bec,safe,,,
7.0.2,Rule,Required,236,C4,yes,proposed_rust_obligation,SCR-RUST-016,,draft_requires_review,49,9aafed8ea5d222625d4be7982b4f9e8ca2e29bec,unsafe,,,
7.0.3,Rule,Required,236,C4,yes,not_applicable,,SCRC: not applicable. char converts only explicitly via u32. Mapping removed.,draft_requires_review,50,9aafed8ea5d222625d4be7982b4f9e8ca2e29bec,not_applicable,,,
7.0.4,Rule,Required,236,C3,no,proposed_rust_obligation,SCR-RUST-026,SCRC: applies. Restore check obligation from C3: dynamic shift counts can be invalid and operand types need not match.,draft_requires_review,51,9aafed8ea5d222625d4be7982b4f9e8ca2e29bec,safe,,gui_RHvQj8BHlz9b,Advisory
7.0.5,Rule,Required,236,C3,no,not_applicable,,SCRC: not applicable. Verify the rationale against the pinned compiler/configuration before accepting coverage; no automatic waiver.,draft_requires_review,52,9aafed8ea5d222625d4be7982b4f9e8ca2e29bec,not_applicable,,,
7.0.6,Rule,Required,236,C6,yes,not_applicable,,SCRC: not applicable. No integral promotion or overload sets. Mapping removed.,draft_requires_review,53,9aafed8ea5d222625d4be7982b4f9e8ca2e29bec,not_applicable,,,
7.11.1,Rule,Required,237,C4,yes,retained_beyond_scrc,SCR-RUST-017,"SCRC: not applicable (no overloads, no NULL macro). Retained: raw null pointers are still constructible in safe Rust.",draft_requires_review,54,9aafed8ea5d222625d4be7982b4f9e8ca2e29bec,not_applicable,,,
7.11.2,Rule,Required,237,C3,no,not_applicable,,SCRC: not applicable. Arrays do not decay to pointers. Mapping removed.,draft_requires_review,55,9aafed8ea5d222625d4be7982b4f9e8ca2e29bec,not_applicable,,,
7.11.3,Rule,Required,237,C3,no,not_applicable,,SCRC: not applicable. Verify the rationale against the pinned compiler/configuration before accepting coverage; no automatic waiver.,draft_requires_review,56,9aafed8ea5d222625d4be7982b4f9e8ca2e29bec,not_applicable,,,
8.0.1,Rule,Advisory,237,C6,yes,proposed_rust_obligation,SCR-RUST-018,,draft_requires_review,57,9aafed8ea5d222625d4be7982b4f9e8ca2e29bec,safe,,,
8.1.1,Rule,Required,237,C3,no,not_applicable,,SCRC: not applicable. Verify the rationale against the pinned compiler/configuration before accepting coverage; no automatic waiver.,draft_requires_review,58,9aafed8ea5d222625d4be7982b4f9e8ca2e29bec,not_applicable,,,
8.1.2,Rule,Advisory,237,C3,no,proposed_rust_obligation,SCR-RUST-015,SCRC: applies to unsafe Rust; closures can capture raw pointers outside borrow-checker guarantees.,draft_requires_review,59,9aafed8ea5d222625d4be7982b4f9e8ca2e29bec,unsafe,,,
8.2.1,Rule,Required,237,C4,yes,proposed_rust_obligation,SCR-RUST-019,,draft_requires_review,60,9aafed8ea5d222625d4be7982b4f9e8ca2e29bec,unsafe,,,
8.2.2,Rule,Required,237,C3,no,proposed_rust_obligation,SCR-RUST-016,"SCRC: applies to safe Rust (gui_ADHABsmK9FXz, Advisory); `as` casts hide intent, prefer specific conversion functions.",draft_requires_review,61,9aafed8ea5d222625d4be7982b4f9e8ca2e29bec,safe,,gui_ADHABsmK9FXz,Advisory
8.2.3,Rule,Required,237,C4,yes,proposed_rust_obligation,SCR-RUST-020,Raw-pointer mutability casts can be safe syntax; validity of subsequent access still needs review.,draft_requires_review,62,9aafed8ea5d222625d4be7982b4f9e8ca2e29bec,unsafe,,,
8.2.4,Rule,Required,237,C4,yes,proposed_rust_obligation,SCR-RUST-021,Safe function-pointer casts exist; do not infer ABI correctness from absence of unsafe syntax.,draft_requires_review,63,9aafed8ea5d222625d4be7982b4f9e8ca2e29bec,unsafe,,,
8.2.5,Rule,Required,237,C4,yes,proposed_rust_obligation,SCR-RUST-020,transmute is not generally a safer alternative to a cast; review all representation invariants.,draft_requires_review,64,9aafed8ea5d222625d4be7982b4f9e8ca2e29bec,unsafe,,,
8.2.6,Rule,Required,237,C4,yes,proposed_rust_obligation,SCR-RUST-020,Pointer casts/reconstruction may occur outside unsafe blocks; scan all code.,draft_requires_review,65,9aafed8ea5d222625d4be7982b4f9e8ca2e29bec,unsafe,,,
8.2.7,Rule,Advisory,237,C4,yes,proposed_rust_obligation,SCR-RUST-020,Correction: pointer-to-integer casts do not require an unsafe block.,draft_requires_review,66,9aafed8ea5d222625d4be7982b4f9e8ca2e29bec,unsafe,,,
8.2.8,Rule,Required,237,C4,yes,proposed_rust_obligation,SCR-RUST-020,Address width and provenance obligations apply even when the cast is safe syntax.,draft_requires_review,67,9aafed8ea5d222625d4be7982b4f9e8ca2e29bec,safe,,,
8.2.9,Rule,Required,237,C4,yes,not_applicable,,SCRC: not applicable. type_id/type_name are compile-time. Mapping removed.,draft_requires_review,68,9aafed8ea5d222625d4be7982b4f9e8ca2e29bec,not_applicable,,,
8.2.10,Rule,Required,237,C6,yes,proposed_rust_obligation,SCR-RUST-022,,draft_requires_review,69,9aafed8ea5d222625d4be7982b4f9e8ca2e29bec,safe,,gui_ot2Zt3dd6of1,Required
8.2.11,Rule,Required,237,C4,yes,proposed_rust_obligation,SCR-RUST-021,,draft_requires_review,70,9aafed8ea5d222625d4be7982b4f9e8ca2e29bec,unsafe,,,
8.3.1,Rule,Advisory,237,C3,no,not_applicable,,SCRC: not applicable. Verify the rationale against the pinned compiler/configuration before accepting coverage; no automatic waiver.,draft_requires_review,71,9aafed8ea5d222625d4be7982b4f9e8ca2e29bec,not_applicable,,,
8.3.2,Rule,Advisory,238,C3,no,not_applicable,,SCRC: not applicable. Verify the rationale against the pinned compiler/configuration before accepting coverage; no automatic waiver.,draft_requires_review,72,9aafed8ea5d222625d4be7982b4f9e8ca2e29bec,not_applicable,,,
8.7.1,Rule,Required,238,C4,yes,proposed_rust_obligation,SCR-RUST-023,Pointer APIs differ: some wrapping operations permit intermediate out-of-bounds values.,draft_requires_review,73,9aafed8ea5d222625d4be7982b4f9e8ca2e29bec,unsafe,,,
8.7.2,Rule,Required,238,C4,yes,proposed_rust_obligation,SCR-RUST-023,,draft_requires_review,74,9aafed8ea5d222625d4be7982b4f9e8ca2e29bec,unsafe,,,
8.9.1,Rule,Required,238,C4,yes,proposed_rust_obligation,SCR-RUST-023,Correction: raw-pointer relational comparisons can be safe expressions; project ordering restrictions still apply.,draft_requires_review,75,9aafed8ea5d222625d4be7982b4f9e8ca2e29bec,safe,,,
8.14.1,Rule,Advisory,238,C6,yes,proposed_rust_obligation,SCR-RUST-024,,draft_requires_review,76,9aafed8ea5d222625d4be7982b4f9e8ca2e29bec,safe,,,
8.18.1,Rule,Mandatory,238,C4,yes,proposed_rust_obligation,SCR-RUST-025,Use the Rust API contract: ptr::copy permits overlap; copy_nonoverlapping does not.,draft_requires_review,77,9aafed8ea5d222625d4be7982b4f9e8ca2e29bec,unsafe,,,
8.18.2,Rule,Advisory,238,C3,no,not_applicable,,SCRC: not applicable. Verify the rationale against the pinned compiler/configuration before accepting coverage; no automatic waiver.,draft_requires_review,78,9aafed8ea5d222625d4be7982b4f9e8ca2e29bec,not_applicable,,,
8.19.1,Rule,Advisory,238,C2,no,not_applicable,,"SCRC: not applicable. Native Rust rationale only; reconsider foreign calls, generated code and semantic analogues before exclusion.",draft_requires_review,79,9aafed8ea5d222625d4be7982b4f9e8ca2e29bec,not_applicable,,,
8.20.1,Rule,Advisory,238,C6,yes,proposed_rust_obligation,SCR-RUST-026,,draft_requires_review,80,9aafed8ea5d222625d4be7982b4f9e8ca2e29bec,safe,,,
9.2.1,Rule,Required,238,C3,no,not_applicable,,SCRC: not applicable. let syntax prevents the confusion. Mapping removed.,draft_requires_review,81,9aafed8ea5d222625d4be7982b4f9e8ca2e29bec,not_applicable,,,
9.3.1,Rule,Required,238,C3,no,not_applicable,,SCRC: not applicable. Verify the rationale against the pinned compiler/configuration before accepting coverage; no automatic waiver.,draft_requires_review,82,9aafed8ea5d222625d4be7982b4f9e8ca2e29bec,not_applicable,,,
9.4.1,Rule,Required,238,C6,yes,proposed_rust_obligation,SCR-RUST-027,,draft_requires_review,83,9aafed8ea5d222625d4be7982b4f9e8ca2e29bec,safe,,,
9.4.2,Rule,Required,238,C3,no,rule_assignment_pending,,SCRC: applies to safe Rust in part (sub-rules on braces/compound statements). No S-CORE rule yet.,draft_requires_review,84,9aafed8ea5d222625d4be7982b4f9e8ca2e29bec,safe,,,
9.5.1,Rule,Advisory,238,C3,no,rule_assignment_pending,,SCRC: applies to safe Rust; prefer iterators over index-modifying while loops. No S-CORE rule yet.,draft_requires_review,85,9aafed8ea5d222625d4be7982b4f9e8ca2e29bec,safe,,,
9.5.2,Rule,Required,238,C2,no,not_applicable,,"SCRC: not applicable. Native Rust rationale only; reconsider foreign calls, generated code and semantic analogues before exclusion.",draft_requires_review,86,9aafed8ea5d222625d4be7982b4f9e8ca2e29bec,not_applicable,,,
9.6.1,Rule,Advisory,239,C2,no,not_applicable,,"SCRC: not applicable. Native Rust rationale only; reconsider foreign calls, generated code and semantic analogues before exclusion.",draft_requires_review,87,9aafed8ea5d222625d4be7982b4f9e8ca2e29bec,not_applicable,,,
9.6.2,Rule,Required,239,C2,no,not_applicable,,"SCRC: not applicable. Native Rust rationale only; reconsider foreign calls, generated code and semantic analogues before exclusion.",draft_requires_review,88,9aafed8ea5d222625d4be7982b4f9e8ca2e29bec,not_applicable,,,
9.6.3,Rule,Required,239,C2,no,not_applicable,,"SCRC: not applicable. Native Rust rationale only; reconsider foreign calls, generated code and semantic analogues before exclusion.",draft_requires_review,89,9aafed8ea5d222625d4be7982b4f9e8ca2e29bec,not_applicable,,,
9.6.4,Rule,Required,239,C3,no,not_applicable,,SCRC: not applicable. Verify the rationale against the pinned compiler/configuration before accepting coverage; no automatic waiver.,draft_requires_review,90,9aafed8ea5d222625d4be7982b4f9e8ca2e29bec,not_applicable,,,
9.6.5,Rule,Required,239,C3,no,not_applicable,,SCRC: not applicable. Verify the rationale against the pinned compiler/configuration before accepting coverage; no automatic waiver.,draft_requires_review,91,9aafed8ea5d222625d4be7982b4f9e8ca2e29bec,not_applicable,,,
10.0.1,Rule,Advisory,239,C2,no,not_applicable,,"SCRC: not applicable. Native Rust rationale only; reconsider foreign calls, generated code and semantic analogues before exclusion.",draft_requires_review,92,9aafed8ea5d222625d4be7982b4f9e8ca2e29bec,not_applicable,,,
10.1.1,Rule,Advisory,239,C3,no,rule_assignment_pending,,"SCRC: applies to safe Rust; take &mut only when needed, with trait-definition exception. No S-CORE rule yet.",draft_requires_review,93,9aafed8ea5d222625d4be7982b4f9e8ca2e29bec,safe,,,
10.1.2,Rule,Required,239,C4,yes,proposed_rust_obligation,SCR-RUST-028,,draft_requires_review,94,9aafed8ea5d222625d4be7982b4f9e8ca2e29bec,unsafe,,,
10.2.1,Rule,Required,239,C3,no,rule_assignment_pending,,"SCRC: applies to safe Rust; explicit enum representation, except data-carrying enums. No S-CORE rule yet.",draft_requires_review,95,9aafed8ea5d222625d4be7982b4f9e8ca2e29bec,safe,,,
10.2.2,Rule,Advisory,239,C3,no,not_applicable,,SCRC: not applicable. Verify the rationale against the pinned compiler/configuration before accepting coverage; no automatic waiver.,draft_requires_review,96,9aafed8ea5d222625d4be7982b4f9e8ca2e29bec,not_applicable,,,
10.2.3,Rule,Required,239,C3,no,proposed_rust_obligation,SCR-RUST-016,SCRC: applies to safe Rust; `as` casts of enum discriminants to narrow integers can overflow.,draft_requires_review,97,9aafed8ea5d222625d4be7982b4f9e8ca2e29bec,safe,,,
10.3.1,Rule,Advisory,239,C3,no,not_applicable,,SCRC: not applicable. Verify the rationale against the pinned compiler/configuration before accepting coverage; no automatic waiver.,draft_requires_review,98,9aafed8ea5d222625d4be7982b4f9e8ca2e29bec,not_applicable,,,
10.4.1,Rule,Required,239,C4,yes,proposed_rust_obligation,SCR-RUST-029,,draft_requires_review,99,9aafed8ea5d222625d4be7982b4f9e8ca2e29bec,unsafe,,,
11.3.1,Rule,Advisory,239,C3,no,not_applicable,,SCRC: not applicable. Do not adopt the artifact claim that arrays never implement Copy: Copy arrays exist when their elements are Copy. Verify the rationale against the pinned compiler/configuration before accepting coverage; no automatic waiver.,draft_requires_review,100,9aafed8ea5d222625d4be7982b4f9e8ca2e29bec,not_applicable,,,
11.3.2,Rule,Advisory,239,C4,yes,proposed_rust_obligation,SCR-RUST-030,,draft_requires_review,101,9aafed8ea5d222625d4be7982b4f9e8ca2e29bec,safe,,,
11.6.1,Rule,Advisory,239,C4,yes,proposed_rust_obligation,SCR-RUST-031,,draft_requires_review,102,9aafed8ea5d222625d4be7982b4f9e8ca2e29bec,unsafe,,,
11.6.2,Rule,Mandatory,240,C4,yes,proposed_rust_obligation,SCR-RUST-031,,draft_requires_review,103,9aafed8ea5d222625d4be7982b4f9e8ca2e29bec,unsafe,,,
11.6.3,Rule,Required,240,C3,no,not_applicable,,SCRC: not applicable. Verify the rationale against the pinned compiler/configuration before accepting coverage; no automatic waiver.,draft_requires_review,104,9aafed8ea5d222625d4be7982b4f9e8ca2e29bec,not_applicable,,,
12.2.1,Rule,Advisory,240,C2,no,not_applicable,,"SCRC: not applicable. Native Rust rationale only; reconsider foreign calls, generated code and semantic analogues before exclusion.",draft_requires_review,105,9aafed8ea5d222625d4be7982b4f9e8ca2e29bec,not_applicable,,,
12.2.2,Rule,Required,240,C2,no,not_applicable,,"SCRC: not applicable. Native Rust rationale only; reconsider foreign calls, generated code and semantic analogues before exclusion.",draft_requires_review,106,9aafed8ea5d222625d4be7982b4f9e8ca2e29bec,not_applicable,,,
12.2.3,Rule,Required,240,C2,no,not_applicable,,"SCRC: not applicable. Native Rust rationale only; reconsider foreign calls, generated code and semantic analogues before exclusion.",draft_requires_review,107,9aafed8ea5d222625d4be7982b4f9e8ca2e29bec,not_applicable,,,
12.3.1,Rule,Required,240,C5,yes,proposed_rust_obligation,SCR-RUST-032,,draft_requires_review,108,9aafed8ea5d222625d4be7982b4f9e8ca2e29bec,unsafe,,,
13.1.1,Rule,Advisory,240,C2,no,not_applicable,,"SCRC: not applicable. Native Rust rationale only; reconsider foreign calls, generated code and semantic analogues before exclusion.",draft_requires_review,109,9aafed8ea5d222625d4be7982b4f9e8ca2e29bec,not_applicable,,,
13.1.2,Rule,Required,240,C2,no,not_applicable,,"SCRC: not applicable. Native Rust rationale only; reconsider foreign calls, generated code and semantic analogues before exclusion.",draft_requires_review,110,9aafed8ea5d222625d4be7982b4f9e8ca2e29bec,not_applicable,,,
13.3.1,Rule,Required,240,C2,no,not_applicable,,"SCRC: not applicable. Native Rust rationale only; reconsider foreign calls, generated code and semantic analogues before exclusion.",draft_requires_review,111,9aafed8ea5d222625d4be7982b4f9e8ca2e29bec,not_applicable,,,
13.3.2,Rule,Required,240,C2,no,not_applicable,,"SCRC: not applicable. Native Rust rationale only; reconsider foreign calls, generated code and semantic analogues before exclusion.",draft_requires_review,112,9aafed8ea5d222625d4be7982b4f9e8ca2e29bec,not_applicable,,,
13.3.3,Rule,Required,240,C6,yes,proposed_rust_obligation,SCR-RUST-033,Rust accepts underscore parameter patterns; names and unused-role policy need explicit interpretation.,draft_requires_review,113,9aafed8ea5d222625d4be7982b4f9e8ca2e29bec,safe,,,
13.3.4,Rule,Required,240,C2,no,rule_assignment_pending,,SCRC: applies to safe Rust; function/vtable pointer comparison is unspecified. No S-CORE rule yet.,draft_requires_review,114,9aafed8ea5d222625d4be7982b4f9e8ca2e29bec,safe,,,
14.1.1,Rule,Advisory,240,C6,yes,proposed_rust_obligation,SCR-RUST-034,Adapt structural public/private restriction into invariant protection; record as project interpretation.,draft_requires_review,115,9aafed8ea5d222625d4be7982b4f9e8ca2e29bec,safe,,,
15.0.1,Rule,Required,240,C5,yes,proposed_rust_obligation,SCR-RUST-035,"Pin is a type, not a trait; review Unpin/structural pinning only where used.",draft_requires_review,116,9aafed8ea5d222625d4be7982b4f9e8ca2e29bec,safe,,,
15.0.2,Rule,Advisory,241,C3,no,not_applicable,,SCRC: not applicable. No move constructors; Clone signature fixed by the trait. Mapping removed.,draft_requires_review,117,9aafed8ea5d222625d4be7982b4f9e8ca2e29bec,not_applicable,,,
15.1.1,Rule,Required,241,C3,no,not_applicable,,SCRC: not applicable. Verify the rationale against the pinned compiler/configuration before accepting coverage; no automatic waiver.,draft_requires_review,118,9aafed8ea5d222625d4be7982b4f9e8ca2e29bec,not_applicable,,,
15.1.2,Rule,Advisory,241,C3,no,not_applicable,,SCRC: not applicable. Verify the rationale against the pinned compiler/configuration before accepting coverage; no automatic waiver.,draft_requires_review,119,9aafed8ea5d222625d4be7982b4f9e8ca2e29bec,not_applicable,,,
15.1.3,Rule,Required,241,C2,no,not_applicable,,"SCRC: not applicable. Native Rust rationale only; reconsider foreign calls, generated code and semantic analogues before exclusion.",draft_requires_review,120,9aafed8ea5d222625d4be7982b4f9e8ca2e29bec,not_applicable,,,
15.1.4,Rule,Advisory,241,C3,no,proposed_rust_obligation,SCR-RUST-031,SCRC: applies to unsafe Rust; MaybeUninit and similar bypass initialization checks.,draft_requires_review,121,9aafed8ea5d222625d4be7982b4f9e8ca2e29bec,unsafe,,,
15.1.5,Rule,Required,241,C2,no,not_applicable,,"SCRC: not applicable. Native Rust rationale only; reconsider foreign calls, generated code and semantic analogues before exclusion.",draft_requires_review,122,9aafed8ea5d222625d4be7982b4f9e8ca2e29bec,not_applicable,,,
15.8.1,Dir,Required,241,C3,no,proposed_rust_obligation,SCR-RUST-035,SCRC: applies to unsafe Rust; Pin-based move emulation must define self-assignment behavior.,draft_requires_review,123,9aafed8ea5d222625d4be7982b4f9e8ca2e29bec,unsafe,,,
16.5.1,Rule,Required,241,C2,no,not_applicable,,"SCRC: not applicable. Native Rust rationale only; reconsider foreign calls, generated code and semantic analogues before exclusion.",draft_requires_review,124,9aafed8ea5d222625d4be7982b4f9e8ca2e29bec,not_applicable,,,
16.5.2,Rule,Required,241,C2,no,not_applicable,,"SCRC: not applicable. Native Rust rationale only; reconsider foreign calls, generated code and semantic analogues before exclusion.",draft_requires_review,125,9aafed8ea5d222625d4be7982b4f9e8ca2e29bec,not_applicable,,,
16.6.1,Rule,Advisory,241,C3,no,not_applicable,,SCRC: not applicable. Verify the rationale against the pinned compiler/configuration before accepting coverage; no automatic waiver.,draft_requires_review,126,9aafed8ea5d222625d4be7982b4f9e8ca2e29bec,not_applicable,,,
17.8.1,Rule,Required,241,C2,no,not_applicable,,"SCRC: not applicable. Native Rust rationale only; reconsider foreign calls, generated code and semantic analogues before exclusion.",draft_requires_review,127,9aafed8ea5d222625d4be7982b4f9e8ca2e29bec,not_applicable,,,
18.1.1,Rule,Required,241,C2,no,proposed_rust_obligation,SCR-RUST-036,SCRC: applies to unsafe Rust; raw-pointer panic payloads (panic_any) have unclear ownership.,draft_requires_review,128,9aafed8ea5d222625d4be7982b4f9e8ca2e29bec,unsafe,,,
18.1.2,Rule,Required,241,C2,no,not_applicable,,"SCRC: not applicable. Native Rust rationale only; reconsider foreign calls, generated code and semantic analogues before exclusion.",draft_requires_review,129,9aafed8ea5d222625d4be7982b4f9e8ca2e29bec,not_applicable,,,
18.3.1,Rule,Advisory,242,C2,no,not_applicable,,"SCRC: not applicable. Native Rust rationale only; reconsider foreign calls, generated code and semantic analogues before exclusion.",draft_requires_review,130,9aafed8ea5d222625d4be7982b4f9e8ca2e29bec,not_applicable,,,
18.3.2,Rule,Required,242,C2,no,not_applicable,,"SCRC: not applicable. Native Rust rationale only; reconsider foreign calls, generated code and semantic analogues before exclusion.",draft_requires_review,131,9aafed8ea5d222625d4be7982b4f9e8ca2e29bec,not_applicable,,,
18.3.3,Rule,Required,242,C2,no,not_applicable,,"SCRC: not applicable. Native Rust rationale only; reconsider foreign calls, generated code and semantic analogues before exclusion.",draft_requires_review,132,9aafed8ea5d222625d4be7982b4f9e8ca2e29bec,not_applicable,,,
18.4.1,Rule,Required,242,C2,no,proposed_rust_obligation,SCR-RUST-036,SCRC: applies. Restore related obligation from C2: Drop can panic and a second panic during unwinding can abort.,draft_requires_review,133,9aafed8ea5d222625d4be7982b4f9e8ca2e29bec,safe,,,
18.5.1,Rule,Advisory,242,C5,yes,proposed_rust_obligation,SCR-RUST-004,Result error propagation and panic/unwinding are distinct; both need explicit policies.,draft_requires_review,134,9aafed8ea5d222625d4be7982b4f9e8ca2e29bec,safe,,,
18.5.2,Rule,Advisory,242,C6,yes,proposed_rust_obligation,SCR-RUST-036,,draft_requires_review,135,9aafed8ea5d222625d4be7982b4f9e8ca2e29bec,safe,,,
19.0.1,Rule,Required,242,C5,yes,retained_beyond_scrc,SCR-RUST-037,SCRC: not applicable (cfg attaches to the next item). Retained: cfg_select and attribute placement still need review.,draft_requires_review,136,9aafed8ea5d222625d4be7982b4f9e8ca2e29bec,not_applicable,,,
19.0.2,Rule,Required,242,C2,no,proposed_rust_obligation,SCR-RUST-038,"SCRC: applies to safe Rust; prefer functions over function-like macros, variadic macros excepted.",draft_requires_review,137,9aafed8ea5d222625d4be7982b4f9e8ca2e29bec,safe,,,
19.0.3,Rule,Advisory,242,C6,yes,proposed_rust_obligation,SCR-RUST-011,,draft_requires_review,138,9aafed8ea5d222625d4be7982b4f9e8ca2e29bec,safe,,,
19.0.4,Rule,Advisory,242,C2,no,not_applicable,,"SCRC: not applicable. Native Rust rationale only; reconsider foreign calls, generated code and semantic analogues before exclusion.",draft_requires_review,139,9aafed8ea5d222625d4be7982b4f9e8ca2e29bec,not_applicable,,,
19.1.1,Rule,Required,242,C2,no,not_applicable,,"SCRC: not applicable. Native Rust rationale only; reconsider foreign calls, generated code and semantic analogues before exclusion.",draft_requires_review,140,9aafed8ea5d222625d4be7982b4f9e8ca2e29bec,not_applicable,,,
19.1.2,Rule,Required,242,C2,no,not_applicable,,"SCRC: not applicable. Native Rust rationale only; reconsider foreign calls, generated code and semantic analogues before exclusion.",draft_requires_review,141,9aafed8ea5d222625d4be7982b4f9e8ca2e29bec,not_applicable,,,
19.1.3,Rule,Required,242,C4,yes,not_applicable,,SCRC: not applicable. Undefined identifiers are compile errors. Mapping removed.,draft_requires_review,142,9aafed8ea5d222625d4be7982b4f9e8ca2e29bec,not_applicable,,,
19.2.1,Rule,Required,242,C3,no,proposed_rust_obligation,SCR-RUST-011,SCRC: applies to safe Rust; include! and path attributes can shadow items in outer scopes.,draft_requires_review,143,9aafed8ea5d222625d4be7982b4f9e8ca2e29bec,safe,,,
19.2.2,Rule,Required,242,C5,yes,not_applicable,,SCRC: not applicable. Invalid include paths are compile errors. Mapping removed.,draft_requires_review,144,9aafed8ea5d222625d4be7982b4f9e8ca2e29bec,not_applicable,,,
19.2.3,Rule,Required,242,C4,yes,retained_beyond_scrc,SCR-RUST-011,SCRC: not applicable (raw strings supported). Retained as supporting source for include!/path provenance.,draft_requires_review,145,9aafed8ea5d222625d4be7982b4f9e8ca2e29bec,not_applicable,,,
19.3.1,Rule,Advisory,243,C2,no,not_applicable,,"SCRC: not applicable. Native Rust rationale only; reconsider foreign calls, generated code and semantic analogues before exclusion.",draft_requires_review,146,9aafed8ea5d222625d4be7982b4f9e8ca2e29bec,not_applicable,Rule 20.10,,
19.3.2,Rule,Required,243,C2,no,not_applicable,,"SCRC: not applicable. Native Rust rationale only; reconsider foreign calls, generated code and semantic analogues before exclusion.",draft_requires_review,147,9aafed8ea5d222625d4be7982b4f9e8ca2e29bec,not_applicable,Rule 20.11,,
19.3.3,Rule,Required,243,C2,no,not_applicable,,"SCRC: not applicable. Native Rust rationale only; reconsider foreign calls, generated code and semantic analogues before exclusion.",draft_requires_review,148,9aafed8ea5d222625d4be7982b4f9e8ca2e29bec,not_applicable,,,
19.3.4,Rule,Required,243,C4,yes,proposed_rust_obligation,SCR-RUST-038,Macro expression matching does not ensure single evaluation or absence of hidden effects.,draft_requires_review,149,9aafed8ea5d222625d4be7982b4f9e8ca2e29bec,safe,,,
19.3.5,Rule,Required,243,C2,no,not_applicable,,"SCRC: not applicable. Native Rust rationale only; reconsider foreign calls, generated code and semantic analogues before exclusion.",draft_requires_review,150,9aafed8ea5d222625d4be7982b4f9e8ca2e29bec,not_applicable,,,
19.6.1,Rule,Advisory,243,C2,no,not_applicable,,"SCRC: not applicable. Native Rust rationale only; reconsider foreign calls, generated code and semantic analogues before exclusion.",draft_requires_review,151,9aafed8ea5d222625d4be7982b4f9e8ca2e29bec,not_applicable,,,
21.2.1,Rule,Required,243,C1,no,not_applicable,,"SCRC: not applicable. Native Rust rationale only; reconsider foreign calls, generated code and semantic analogues before exclusion.",draft_requires_review,152,9aafed8ea5d222625d4be7982b4f9e8ca2e29bec,not_applicable,,,
21.2.2,Rule,Required,243,C1,no,not_applicable,,"SCRC: not applicable. Native Rust rationale only; reconsider foreign calls, generated code and semantic analogues before exclusion.",draft_requires_review,153,9aafed8ea5d222625d4be7982b4f9e8ca2e29bec,not_applicable,,,
21.2.3,Rule,Required,243,C1,no,rule_assignment_pending,,SCRC: applies to safe Rust; std::process::Command has platform path-search hazards. No S-CORE rule yet.,draft_requires_review,154,9aafed8ea5d222625d4be7982b4f9e8ca2e29bec,safe,,,
21.2.4,Rule,Required,243,C1,no,not_applicable,,"SCRC: not applicable. Native Rust rationale only; reconsider foreign calls, generated code and semantic analogues before exclusion.",draft_requires_review,155,9aafed8ea5d222625d4be7982b4f9e8ca2e29bec,not_applicable,,,
21.6.1,Rule,Advisory,243,C6,yes,proposed_rust_obligation,SCR-RUST-039,Controlled allocation is a proposed project adaptation; do not silently impose a blanket allocation ban.,draft_requires_review,156,9aafed8ea5d222625d4be7982b4f9e8ca2e29bec,safe,,,
21.6.2,Rule,Required,243,C5,yes,proposed_rust_obligation,SCR-RUST-035,Drop is not guaranteed to run; mem::forget and leaks are safe operations.,draft_requires_review,157,9aafed8ea5d222625d4be7982b4f9e8ca2e29bec,safe,,,
21.6.3,Rule,Required,243,C4,yes,proposed_rust_obligation,SCR-RUST-039,,draft_requires_review,158,9aafed8ea5d222625d4be7982b4f9e8ca2e29bec,unsafe,,,
21.6.4,Rule,Required,243,C2,no,retained_beyond_scrc,SCR-RUST-039,SCRC: not applicable (GlobalAlloc dealloc always receives the layout). Retained: allocator customization still needs review.,draft_requires_review,159,9aafed8ea5d222625d4be7982b4f9e8ca2e29bec,not_applicable,,,
21.6.5,Rule,Required,243,C4,yes,not_applicable,,SCRC: not applicable. No incomplete types. Mapping removed.,draft_requires_review,160,9aafed8ea5d222625d4be7982b4f9e8ca2e29bec,not_applicable,,,
21.10.1,Rule,Required,243,C1,no,proposed_rust_obligation,SCR-RUST-021,SCRC: applies to unsafe Rust; C-variadic arguments (VaList) carry the same hazards as in C.,draft_requires_review,161,9aafed8ea5d222625d4be7982b4f9e8ca2e29bec,unsafe,,,
21.10.2,Rule,Required,243,C1,no,proposed_rust_obligation,SCR-RUST-042,SCRC: applies to unsafe Rust; setjmp/longjmp reachable through FFI or inline assembly and often UB.,draft_requires_review,162,9aafed8ea5d222625d4be7982b4f9e8ca2e29bec,unsafe,,,
21.10.3,Rule,Required,243,C1,no,proposed_rust_obligation,SCR-RUST-042,SCRC: applies to unsafe Rust; signal handling only through platform APIs.,draft_requires_review,163,9aafed8ea5d222625d4be7982b4f9e8ca2e29bec,unsafe,,,
22.3.1,Rule,Required,244,C5,yes,proposed_rust_obligation,SCR-RUST-040,A constant argument to ordinary assert! does not by itself force compile-time evaluation.,draft_requires_review,164,9aafed8ea5d222625d4be7982b4f9e8ca2e29bec,safe,,,
22.4.1,Rule,Required,244,C2,no,proposed_rust_obligation,SCR-RUST-042,SCRC: applies to unsafe Rust; errno is writable only through platform APIs.,draft_requires_review,165,9aafed8ea5d222625d4be7982b4f9e8ca2e29bec,unsafe,,,
23.11.1,Rule,Advisory,244,C2,no,proposed_rust_obligation,SCR-RUST-020,"SCRC: applies. Reassess C2: raw pointers can be constructed in safe Rust; audit boundaries by operations, not unsafe keywords.",draft_requires_review,166,9aafed8ea5d222625d4be7982b4f9e8ca2e29bec,unsafe,,,
24.5.1,Rule,Required,244,C1,no,not_applicable,,"SCRC: not applicable. Native Rust rationale only; reconsider foreign calls, generated code and semantic analogues before exclusion.",draft_requires_review,167,9aafed8ea5d222625d4be7982b4f9e8ca2e29bec,not_applicable,,,
24.5.2,Rule,Required,244,C1,no,proposed_rust_obligation,SCR-RUST-025,SCRC: applies to unsafe Rust; ptr::copy and copy_nonoverlapping are the memmove/memcpy analogues.,draft_requires_review,168,9aafed8ea5d222625d4be7982b4f9e8ca2e29bec,unsafe,,,
25.5.1,Rule,Required,244,C1,no,proposed_rust_obligation,SCR-RUST-042,SCRC: applies to unsafe Rust; locale handling requires FFI.,draft_requires_review,169,9aafed8ea5d222625d4be7982b4f9e8ca2e29bec,unsafe,,,
25.5.2,Rule,Mandatory,244,C1,no,proposed_rust_obligation,SCR-RUST-042,"SCRC: applies to unsafe Rust; only the FFI part (OS error strings, setenv) is in scope; std::env::var returns owned data.",draft_requires_review,170,9aafed8ea5d222625d4be7982b4f9e8ca2e29bec,unsafe,,,
25.5.3,Rule,Mandatory,244,C1,no,proposed_rust_obligation,SCR-RUST-042,"SCRC: applies to unsafe Rust; time zone, locale and errno access through FFI.",draft_requires_review,171,9aafed8ea5d222625d4be7982b4f9e8ca2e29bec,unsafe,,,
26.3.1,Rule,Advisory,244,C2,no,not_applicable,,"SCRC: not applicable. Native Rust rationale only; reconsider foreign calls, generated code and semantic analogues before exclusion.",draft_requires_review,172,9aafed8ea5d222625d4be7982b4f9e8ca2e29bec,not_applicable,,,
28.3.1,Rule,Required,244,C2,no,rule_assignment_pending,,SCRC: applies to safe Rust; stateful predicates in iterator adapters. No S-CORE rule yet.,draft_requires_review,173,9aafed8ea5d222625d4be7982b4f9e8ca2e29bec,safe,,,
28.6.1,Rule,Required,245,C4,yes,proposed_rust_obligation,SCR-RUST-035,"Comment describes a C++-specific move issue; native moves are compiler-checked, custom owners still need review.",draft_requires_review,174,9aafed8ea5d222625d4be7982b4f9e8ca2e29bec,safe,,,
28.6.2,Rule,Required,245,C2,no,not_applicable,,"SCRC: not applicable. Native Rust rationale only; reconsider foreign calls, generated code and semantic analogues before exclusion.",draft_requires_review,175,9aafed8ea5d222625d4be7982b4f9e8ca2e29bec,not_applicable,,,
28.6.3,Rule,Required,245,C2,no,proposed_rust_obligation,SCR-RUST-015,SCRC: applies to unsafe Rust; a raw pointer can observe a moved-from location.,draft_requires_review,176,9aafed8ea5d222625d4be7982b4f9e8ca2e29bec,unsafe,,,
28.6.4,Rule,Required,245,C1,no,not_applicable,,"SCRC: not applicable. Native Rust rationale only; reconsider foreign calls, generated code and semantic analogues before exclusion.",draft_requires_review,177,9aafed8ea5d222625d4be7982b4f9e8ca2e29bec,not_applicable,,,
30.0.1,Rule,Required,245,C1,no,not_applicable,,"SCRC: not applicable. Native Rust rationale only; reconsider foreign calls, generated code and semantic analogues before exclusion.",draft_requires_review,178,9aafed8ea5d222625d4be7982b4f9e8ca2e29bec,not_applicable,,,
30.0.2,Rule,Required,245,C1,no,not_applicable,,"SCRC: not applicable. Native Rust rationale only; reconsider foreign calls, generated code and semantic analogues before exclusion.",draft_requires_review,179,9aafed8ea5d222625d4be7982b4f9e8ca2e29bec,not_applicable,,,
